City,track_name,jumlah_pembelian
Berlin,Eruption,2
Berlin,The Number Of The Beast,2
Helsinki,Eruption,2
London,Firmamento,2
Stockholm,Polly,2
São Paulo,Untitled,2
Winnipeg,Onde Você Mora?,2
Amsterdam,(Anesthesia) Pulling Teeth,1
Amsterdam,Anthem,1
Amsterdam,Avisa,1
Amsterdam,Burn Away,1
Amsterdam,Cold Turkey,1
Amsterdam,Desaforo,1
Amsterdam,Falamansa Song,1
Amsterdam,Fica,1
Amsterdam,Get On Top,1
Amsterdam,"Greetings from Earth, Pt. 2",1
Amsterdam,If You Don't Know Me By Now,1
Amsterdam,If You Have To Ask,1
Amsterdam,Instant Karma,1
Amsterdam,Jump In The Fire,1
Amsterdam,Just Ain't Good Enough,1
Amsterdam,La Puesta Del Sol,1
Amsterdam,Let Me Love You Baby,1
Amsterdam,O Braço Da Minha Guitarra,1
Amsterdam,"Oh, My Love",1
Amsterdam,Os Exilados,1
Amsterdam,Quem Mata A Mulher Mata O Melhor,1
Amsterdam,Right On Time,1
Amsterdam,Riviera Paradise,1
Amsterdam,Rock And Roll All Nite,1
Amsterdam,Sapato 36,1
Amsterdam,Scratch-N-Sniff,1
Amsterdam,Tear,1
Amsterdam,The Hand of God,1
Amsterdam,The Last Song,1
Amsterdam,This Is The Place,1
Amsterdam,Times Like These,1
Amsterdam,Travis Walk,1
Amsterdam,Under The Bridge,1
Amsterdam,Underwater Love,1
Amsterdam,Virginia Moon,1
Amsterdam,"War of the Gods, Pt. 2",1
Amsterdam,What If I Do?,1
Amsterdam,Água E Fogo,1
Bangalore,Baltar's Escape,1
Bangalore,Before You Accuse Me,1
Bangalore,Black Satin,1
Bangalore,Blue Rythm Fantasy,1
Bangalore,Bop Boogie,1
Bangalore,Chão De Estrelas,1
Bangalore,Cotton Fields,1
Bangalore,Don't Look Now,1
Bangalore,Don't Look To The Eyes Of A Stranger,1
Bangalore,El Farol,1
Bangalore,Esporrei Na Manivela,1
Bangalore,Fall On Me,1
Bangalore,Fora Da Ordem,1
Bangalore,Gates Of Urizen,1
Bangalore,Get Up Offa That Thing,1
Bangalore,Hey America,1
Bangalore,Houses Of The Holy,1
Bangalore,Infeliz Natal,1
Bangalore,It's A Man's Man's Man's World,1
Bangalore,Jeru,1
Bangalore,Lightning Strikes Twice,1
Bangalore,Love Of My Life,1
Bangalore,Mangueira,1
Bangalore,Mellowship Slinky In B Major,1
Bangalore,Night Train,1
Bangalore,No Fundo Do Quintal Da Escola,1
Bangalore,Pagan Baby,1
Bangalore,Que Luz É Essa,1
Bangalore,So Central Rain,1
Bangalore,So What,1
Bangalore,Stormbringer,1
Bangalore,Texarkana,1
Bangalore,The Power Of Equality,1
Bangalore,Trupets Of Jericho,1
Bangalore,Um Indio,1
Bangalore,Um Love,1
Berlin,01 - Prowler,1
Berlin,A Touch Away,1
Berlin,Afraid To Shoot Strangers,1
Berlin,Atras Da Porta,1
Berlin,Back in the Village,1
Berlin,Big Machine,1
Berlin,Blood Brothers,1
Berlin,Boogie With Stu,1
Berlin,Bron-Y-Aur Stomp,1
Berlin,Caffeine,1
Berlin,Creep,1
Berlin,Cure,1
Berlin,Damage Case,1
Berlin,Dancing In The Street,1
Berlin,Dark Corners,1
Berlin,Down By The Seaside,1
Berlin,Drifter,1
Berlin,Everything's Ruined,1
Berlin,Faceless,1
Berlin,Fear Is The Key,1
Berlin,Feel Your Love Tonight,1
Berlin,For Your Life,1
Berlin,Hots On For Nowhere,1
Berlin,Hush,1
Berlin,I Need Love,1
Berlin,I Want It All,1
Berlin,Into The Fire,1
Berlin,Jump,1
Berlin,Love Conquers All,1
Berlin,Make Me Believe,1
Berlin,Metal Militia,1
Berlin,Midnight From The Inside Out,1
Berlin,Miracle To Me,1
Berlin,No One Came,1
Berlin,Oceano,1
Berlin,One I Want,1
Berlin,Out On The Tiles,1
Berlin,Outbreak,1
Berlin,Paths Of Glory,1
Berlin,Phantom Of The Opera,1
Berlin,Pristina,1
Berlin,RV,1
Berlin,Ramshackle Man,1
Berlin,Re-Align,1
Berlin,Remedy,1
Berlin,Right Now,1
Berlin,Rock Of Ages,1
Berlin,Run Silent Run Deep,1
Berlin,She Loves Me Not,1
Berlin,Slowness,1
Berlin,Snowblind,1
Berlin,Soldier Side - Intro,1
Berlin,Space Truckin',1
Berlin,Still Life,1
Berlin,Sítio Do Pica-Pau Amarelo,1
Berlin,Tatuagem,1
Berlin,The Four Horsemen,1
Berlin,The Ides Of March,1
Berlin,The More I See,1
Berlin,The Prophecy,1
Berlin,The Trooper,1
Berlin,Title Song,1
Berlin,Tommy Gun,1
Berlin,Tuesday's Gone,1
Berlin,Two Steps Behind [Acoustic Version],1
Berlin,Under Pressure,1
Berlin,Until It Sleeps,1
Berlin,Violent Pornography,1
Berlin,Whiplash,1
Berlin,Year to the Day,1
Berlin,You Can't Do it Right (With the One You Love),1
Berlin,Álibi,1
Bordeaux,...And Justice For All,1
Bordeaux,A Small Victory,1
Bordeaux,A Statistic,1
Bordeaux,All For You,1
Bordeaux,"Battlestar Galactica, Pt. 2",1
Bordeaux,C'Mon Everybody,1
Bordeaux,Com Açúcar E Com Afeto,1
Bordeaux,Easy,1
Bordeaux,Falando De Amor,1
Bordeaux,For Whom The Bell Tolls,1
Bordeaux,Frantic,1
Bordeaux,From Out Of Nowhere,1
Bordeaux,Go Back,1
Bordeaux,Gota D'água,1
Bordeaux,Heaven Coming Down,1
Bordeaux,Leper Messiah,1
Bordeaux,Like a Stone,1
Bordeaux,"Lost Planet of the Gods, Pt. 1",1
Bordeaux,Meu Caro Amigo,1
Bordeaux,N.I.B.,1
Bordeaux,Prince Charming,1
Bordeaux,Real Thing,1
Bordeaux,Sea Of Sorrow,1
Bordeaux,Shoot Me Again,1
Bordeaux,Snowblind,1
Bordeaux,"Spanish moss-""A sound portrait""-Spanish moss",1
Bordeaux,The Begining... At Last,1
Bordeaux,The Gentle Art Of Making Enemies,1
Bordeaux,The Last Remaining Light,1
Bordeaux,The Outlaw Torn,1
Bordeaux,The River (Remix),1
Bordeaux,The Unforgiven,1
Bordeaux,The Unforgiven II,1
Bordeaux,To Live Is To Die,1
Bordeaux,Trocando Em Miúdos,1
Bordeaux,Ugly In The Morning,1
Bordeaux,What A Day,1
Bordeaux,Yesterday To Tomorrow,1
Boston,Bad Moon Rising,1
Boston,Body Count Anthem,1
Boston,Bowels Of The Devil,1
Boston,Coração De Estudante,1
Boston,Coração do Agreste (Fafá de Belém),1
Boston,Cornucopia,1
Boston,Dandelion,1
Boston,Down On The Corner,1
Boston,Esse Cara,1
Boston,Evil Woman,1
Boston,F**k Me Pumps,1
Boston,Fast And Loose,1
Boston,Harvester Of Sorrow,1
Boston,Heart Of Gold,1
Boston,Intro / Stronger Than Me,1
Boston,Jerusalem,1
Boston,Lament,1
Boston,"Maria, Maria",1
Boston,Meditação,1
Boston,Menestrel Das Alagoas,1
Boston,Moon germs,1
Boston,Norwegian Wood,1
Boston,Ponta de Areia,1
Boston,Preciso Apender a Viver Só (Maysa),1
Boston,Real Love,1
Boston,Rock 'N' Roll Music,1
Boston,Romaria (Renato Teixeira),1
Boston,Salve Nossa Senhora,1
Boston,Some Unholy War,1
Boston,Super Terrorizer,1
Boston,Sweetest Thing,1
Boston,The Duke,1
Boston,The Three Sunrises,1
Boston,Up Around The Bend,1
Boston,Você Fugiu,1
Boston,When My Left Eye Jumps,1
Boston,You Know I'm No Good (feat. Ghostface Killah),1
Boston,Your Time Has Come,1
Brasília,A Cura,1
Brasília,A Menina Dança,1
Brasília,"Abraham, Martin And John",1
Brasília,Aloha,1
Brasília,Bad Seed,1
Brasília,Black Light Syndrome,1
Brasília,Casa,1
Brasília,Cérebro Eletrônico,1
Brasília,Duelists,1
Brasília,Dust N' Bones,1
Brasília,Everything I Need,1
Brasília,Fast As a Shark,1
Brasília,Girl From A Pawnshop,1
Brasília,Go Down,1
Brasília,Heart Of Lothian: Wide Boy / Curtain Call,1
Brasília,Hell Ain't A Bad Place To Be,1
Brasília,Help Yourself,1
Brasília,I Belong To You,1
Brasília,Lay Down Sally,1
Brasília,Live and Let Die,1
Brasília,Midnight From The Inside Out,1
Brasília,"Music for the Funeral of Queen Mary: VI. ""Thou Knowest, Lord, the Secrets of Our Hearts""",1
Brasília,Pais E Filhos,1
Brasília,Powerslave,1
Brasília,Rock And Roll Is Dead,1
Brasília,Sereia,1
Brasília,Será,1
Brasília,Slither,1
Brasília,Snowballed,1
Brasília,Sometimes Salvation,1
Brasília,Soul Singing,1
Brasília,"String Quartet No. 12 in C Minor, D. 703 ""Quartettsatz"": II. Andante - Allegro assai",1
Brasília,"Suite No. 3 in D, BWV 1068: III. Gavotte I & II",1
Brasília,"Symphony No. 2, Op. 16 -  ""The Four Temperaments"": II. Allegro Comodo e Flemmatico",1
Brasília,The Memory Remains,1
Brasília,The Unforgiven II,1
Brasília,Title Song,1
Brasília,You've Been A Long Time Coming,1
Brussels,Angel,1
Brussels,Babylon,1
Brussels,Boris The Spider,1
Brussels,Bullet With Butterfly Wings,1
Brussels,Caffeine,1
Brussels,Cherub Rock,1
Brussels,Cuckoo For Caca,1
Brussels,"De Do Do Do, De Da Da Da",1
Brussels,Deuces Are Wild,1
Brussels,Disarm,1
Brussels,Dog Eat Dog,1
Brussels,Easy,1
Brussels,Falling To Pieces,1
Brussels,I Looked At You,1
Brussels,Janie's Got A Gun,1
Brussels,Kindergarten,1
Brussels,Leave,1
Brussels,Let's See Action,1
Brussels,Life Line,1
Brussels,Love In An Elevator,1
Brussels,Love Removal Machine,1
Brussels,Master Of Puppets,1
Brussels,Overdose,1
Brussels,Rhinocerous,1
Brussels,Saint Of Me,1
Brussels,Save The Children,1
Brussels,She Loves Me Not,1
Brussels,Sister Awake,1
Brussels,Stripsearch,1
Brussels,Suck On The Jugular,1
Brussels,Sweet Soul Sister,1
Brussels,Time Is On My Side,1
Brussels,Under My Thumb,1
Brussels,Undertow,1
Brussels,What A Day,1
Brussels,Woodpecker From Mars,1
Brussels,You Got Me Rocking,1
Brussels,You Sure Love To Ball,1
Budapest,"All Dead, All Dead",1
Budapest,Blow Your Mind,1
Budapest,Book Of Thel,1
Budapest,Christmas Party,1
Budapest,Dirty Little Thing,1
Budapest,Diwali,1
Budapest,Do You Feel Loved,1
Budapest,Evil Dick,1
Budapest,Get Up (I Feel Like Being A) Sex Machine,1
Budapest,Here I Go Again,1
Budapest,How to Stop an Exploding Man,1
Budapest,If God Will Send His Angels,1
Budapest,It's Too Funky In Here,1
Budapest,King For A Day,1
Budapest,King In Crimson,1
Budapest,Last Night On Earth,1
Budapest,Leave My Girl Alone,1
Budapest,Let Me Love You Baby,1
Budapest,Machine Men,1
Budapest,Manifest Destiny,1
Budapest,Miami,1
Budapest,Michael's Birthday,1
Budapest,Nem 5 Minutos Guardados,1
Budapest,O Pulso,1
Budapest,Out Of Sight,1
Budapest,Phyllis's Wedding,1
Budapest,Sangue Latino,1
Budapest,Sapopemba e Maxambomba,1
Budapest,Seu Balancê,1
Budapest,Sheer Heart Attack,1
Budapest,So Por Amor,1
Budapest,Soul Education,1
Budapest,The Deeper The Love,1
Budapest,The Dundies,1
Budapest,The Educated Fool,1
Budapest,The Long Patrol,1
Budapest,The Man Behind the Curtain,1
Budapest,Too Young To Die,1
Buenos Aires,Battery,1
Buenos Aires,Better Than You,1
Buenos Aires,Cabeça Dinossauro,1
Buenos Aires,Canário Do Reino,1
Buenos Aires,Chemical Wedding,1
Buenos Aires,Comida,1
Buenos Aires,Compadre,1
Buenos Aires,Deuce,1
Buenos Aires,Disposable Heroes,1
Buenos Aires,Dujji,1
Buenos Aires,Entrando Na Sua (Intro),1
Buenos Aires,Esperando Na Janela,1
Buenos Aires,Everlong,1
Buenos Aires,Falamansa Song,1
Buenos Aires,Friend Of A Friend,1
Buenos Aires,Fuel,1
Buenos Aires,How High The Moon,1
Buenos Aires,It Was A Very Good Year,1
Buenos Aires,It's So Easy,1
Buenos Aires,Love Gun,1
Buenos Aires,Mama Said,1
Buenos Aires,Marvin,1
Buenos Aires,Medo De Escuro,1
Buenos Aires,Monkey Wrench,1
Buenos Aires,New Love,1
Buenos Aires,Não Quero Dinheiro,1
Buenos Aires,Opus No.1,1
Buenos Aires,Out Ta Get Me,1
Buenos Aires,Polícia (Vinheta),1
Buenos Aires,Sua Impossivel Chance,1
Buenos Aires,Surprise! You're Dead!,1
Buenos Aires,Take This Bottle,1
Buenos Aires,The Last Song,1
Buenos Aires,Times Like These,1
Buenos Aires,Wake Me Up When September Ends,1
Buenos Aires,What Now My Love,1
Buenos Aires,Whatsername,1
Buenos Aires,Where The Wild Things Are,1
Chicago,A Kind Of Magic,1
Chicago,Achilles Last Stand,1
Chicago,All Night Thing,1
Chicago,Astronomy,1
Chicago,Back from Vacation,1
Chicago,Branch Closing,1
Chicago,Dezesseis,1
Chicago,He Can Only Hold Her,1
Chicago,I Want To Break Free,1
Chicago,Indios,1
Chicago,Meet Kevin Johnson,1
Chicago,Muita Bobeira,1
Chicago,Música De Trabalho,1
Chicago,New Year's Day,1
Chicago,No Quarter,1
Chicago,Nothing To Say,1
Chicago,O Livro Dos Dias,1
Chicago,Phyllis's Wedding,1
Chicago,"Piano Sonata No. 14 in C Sharp Minor, Op. 27, No. 2, ""Moonlight"": I. Adagio sostenuto",1
Chicago,Producer's Cut: The Return,1
Chicago,Rappers Reais,1
Chicago,Rehab,1
Chicago,"Requiem, Op.48: 4. Pie Jesu",1
Chicago,Say Hello 2 Heaven,1
Chicago,Scar On the Sky,1
Chicago,Show Me How to Live (Live at the Quart Festival),1
Chicago,Sunday Bloody Sunday,1
Chicago,"Symphonie Fantastique, Op. 14: V. Songe d'une nuit du sabbat",1
Chicago,Tea For One,1
Chicago,Ten Years Gone,1
Chicago,That's The Way,1
Chicago,The Convict,1
Chicago,The Invisible Man,1
Chicago,"The Messiah: Behold, I Tell You a Mystery... The Trumpet Shall Sound",1
Chicago,Turn The Page,1
Chicago,Until We Fall,1
Chicago,Who Wants To Live Forever,1
Chicago,[Untitled],1
Copenhagen,Around The World,1
Copenhagen,Beautiful Boy,1
Copenhagen,Caçador de Mim (Sá & Guarabyra),1
Copenhagen,Commotion,1
Copenhagen,Dancing Days,1
Copenhagen,Drown,1
Copenhagen,Eu Sou Neguinha (Ao Vivo),1
Copenhagen,Fly By Night,1
Copenhagen,For Your Babies,1
Copenhagen,Freewill,1
Copenhagen,Gimme Some Truth,1
Copenhagen,I Could Die For You,1
Copenhagen,I Like Dirt,1
Copenhagen,Jealous Guy,1
Copenhagen,Lost in Hollywood,1
Copenhagen,Lucky 13,1
Copenhagen,Manguetown,1
Copenhagen,Molina,1
Copenhagen,Muçulmano,1
Copenhagen,Never Say Die,1
Copenhagen,Radio/Video,1
Copenhagen,Run Through The Jungle,1
Copenhagen,Sad Statue,1
Copenhagen,Santana Jam,1
Copenhagen,Sir Psycho Sexy,1
Copenhagen,Susie Q,1
Copenhagen,Sweet Hitch-Hiker,1
Copenhagen,Sympton of the Universe,1
Copenhagen,The Midnight Special,1
Copenhagen,The Right Thing,1
Copenhagen,The Thing That Should Not Be,1
Copenhagen,Tombstone Shadow,1
Copenhagen,Violent Pornography,1
Copenhagen,Vulcão Dub - Fui Eu,1
Copenhagen,Waiting,1
Copenhagen,War Pigs,1
Copenhagen,Welcome Home (Sanitarium),1
Copenhagen,Zé Trindade,1
Cupertino,A Twist In The Tail,1
Cupertino,Animal,1
Cupertino,Açai,1
Cupertino,"Baltimore, DC",1
Cupertino,Berimbau,1
Cupertino,Carta Ao Tom 74,1
Cupertino,Clash City Rockers,1
Cupertino,Dream Of Mirrors,1
Cupertino,Edie (Ciao Baby),1
Cupertino,Esquinas,1
Cupertino,Fascinação,1
Cupertino,Fortuneteller,1
Cupertino,Gay Witch Hunt,1
Cupertino,Heaven Can Wait,1
Cupertino,Hey Cisco,1
Cupertino,High Ball Shooter,1
Cupertino,Hysteria,1
Cupertino,Iron Maiden,1
Cupertino,J Squared,1
Cupertino,Know Your Rights,1
Cupertino,Lay Down Sally,1
Cupertino,Maria,1
Cupertino,Me & Mr. Jones,1
Cupertino,Only the Good Die Young,1
Cupertino,Pela Luz dos Olhos Teus (Miúcha e Tom Jobim),1
Cupertino,Pot-Pourri N.º 2,1
Cupertino,Run To The Hills,1
Cupertino,Speed Of Light,1
Cupertino,Spirit Walker,1
Cupertino,Sun King,1
Cupertino,Sunshine Of Your Love,1
Cupertino,Take The Power,1
Cupertino,Tears In Heaven,1
Cupertino,The Evil That Men Do,1
Cupertino,Train In Vain,1
Cupertino,Twentienth Century Fox,1
Cupertino,Um Amor Puro,1
Cupertino,You Know I'm No Good,1
Delhi,(White Man) In Hammersmith Palais,1
Delhi,Acelerou,1
Delhi,Action,1
Delhi,Azul,1
Delhi,Bankrobber,1
Delhi,Black Night,1
Delhi,Brave New World,1
Delhi,Breathe,1
Delhi,Cascades : I'm Not Your Lover,1
Delhi,Chaos-Control,1
Delhi,Cigano,1
Delhi,"Concerto No.2 in F Major, BWV1047, I. Allegro",1
Delhi,"Concerto for Piano No. 2 in F Minor, Op. 21: II. Larghetto",1
Delhi,Cursed Diamonds,1
Delhi,"Dois Pra Lá, Dois Pra Cá",1
Delhi,Don't Take Your Love From Me,1
Delhi,Flash of The Blade,1
Delhi,Groovus Interruptus,1
Delhi,Hard To Handle,1
Delhi,High Head Blues,1
Delhi,Hot Girl,1
Delhi,Lemon Drop,1
Delhi,Lick It Up,1
Delhi,Love Don't Mean a Thing,1
Delhi,Maria Rosa,1
Delhi,Overtime,1
Delhi,Pictures Of Home,1
Delhi,Pour Some Sugar On Me,1
Delhi,Rime of the Ancient Mariner,1
Delhi,Rock The Casbah,1
Delhi,She,1
Delhi,Shock Me,1
Delhi,Sign Of The Cross,1
Delhi,The Cut Runs Deep,1
Delhi,The Trooper,1
Delhi,To Tame A Land,1
Delhi,True Believers,1
Delhi,Up An' Atom,1
Dijon,(Wish I Could) Hideaway,1
Dijon,"Act IV, Symphony",1
Dijon,Armadura,1
Dijon,Billie Jean,1
Dijon,Born On The Bayou,1
Dijon,Commercial 2,1
Dijon,Dazed and Confused,1
Dijon,Die Walküre: The Ride of the Valkyries,1
Dijon,Família,1
Dijon,Four Sticks,1
Dijon,Four Walled World,1
Dijon,Hats Off To (Roy) Harper,1
Dijon,I'm Gonna Crawl,1
Dijon,In The Evening,1
Dijon,Instinto Colectivo,1
Dijon,Ji Yeon,1
Dijon,Long As I Can See The Light,1
Dijon,Love Comes,1
Dijon,Moth,1
Dijon,"Music for the Funeral of Queen Mary: VI. ""Thou Knowest, Lord, the Secrets of Our Hearts""",1
Dijon,Night Time Is The Right Time,1
Dijon,One Step Closer,1
Dijon,Over The Hills And Far Away,1
Dijon,"Partita in E Major, BWV 1006A: I. Prelude",1
Dijon,"Past, Present, and Future",1
Dijon,Prá Dizer Adeus,1
Dijon,Ramble On,1
Dijon,Salutations,1
Dijon,Since I've Been Loving You,1
Dijon,Sing Joyfully,1
Dijon,Sound of a Gun,1
Dijon,Starburst,1
Dijon,"Suite for Solo Cello No. 1 in G Major, BWV 1007: I. Prélude",1
Dijon,Sweet Hitch-Hiker,1
Dijon,The Midnight Special,1
Dijon,"There's No Place Like Home, Pt. 3",1
Dijon,Whole Lotta Love,1
Dijon,Yahweh,1
Dublin,...And Found,1
Dublin,Adrift,1
Dublin,Amor De Muito,1
Dublin,Anything Goes,1
Dublin,Army Ants,1
Dublin,Babylon,1
Dublin,Breakdown,1
Dublin,City Of Blinding Lights,1
Dublin,Civil War,1
Dublin,Crossfire,1
Dublin,Don't Cry,1
Dublin,End Of Romanticism,1
Dublin,Etnia,1
Dublin,Exodus (Part 2) [Season Finale],1
Dublin,Folhas Secas,1
Dublin,Gyroscope,1
Dublin,Hallelujah Here She Comes,1
Dublin,Jacob's Ladder,1
Dublin,L'Arc En Ciel De Miles,1
Dublin,Maracatu Atômico [Trip Hop],1
Dublin,Mofo,1
Dublin,Perfect Crime,1
Dublin,Perplexo,1
Dublin,Poeira,1
Dublin,Release,1
Dublin,S.O.S.,1
Dublin,Samba Do Lado,1
Dublin,Sangue De Bairro,1
Dublin,Sobremesa,1
Dublin,Spanish Eyes,1
Dublin,The 23rd Psalm,1
Dublin,The Fly,1
Dublin,The Garden,1
Dublin,The Long Con,1
Dublin,The Other 48 Days,1
Dublin,The Pilgrim,1
Dublin,The Whole Truth,1
Dublin,Walk On,1
Edinburgh ,Brasília 5:31,1
Edinburgh ,Bring Your Daughter... ...To The Slaughter,1
Edinburgh ,Charles Anjo 45,1
Edinburgh ,Drum Boogie,1
Edinburgh ,Extraordinary Girl,1
Edinburgh ,Fairies Wear Boots,1
Edinburgh ,Fates Warning,1
Edinburgh ,Feel It,1
Edinburgh ,Fire,1
Edinburgh ,Give Me Novacaine,1
Edinburgh ,Guess Who's Back,1
Edinburgh ,Highway Chile,1
Edinburgh ,Hot Rockin',1
Edinburgh ,Imagine,1
Edinburgh ,Jeito Faceiro,1
Edinburgh ,Lazy Gun,1
Edinburgh ,Let Me Off Uptown,1
Edinburgh ,Loving You Sunday Morning,1
Edinburgh ,Midnight,1
Edinburgh ,Olodum - Smile (Instrumental),1
Edinburgh ,Onibusfobia,1
Edinburgh ,Papelão,1
Edinburgh ,Ram It Down,1
Edinburgh ,Rock And Roll All Nite,1
Edinburgh ,Rollover D.J.,1
Edinburgh ,Run Silent Run Deep,1
Edinburgh ,"Sabbath, Bloody Sabbath",1
Edinburgh ,Someday Never Comes,1
Edinburgh ,Sure Know Something,1
Edinburgh ,Tease Me Please Me,1
Edinburgh ,Todo Amor (Asas Da Liberdade),1
Edinburgh ,Top O' The Morning To Ya,1
Edinburgh ,"Um Amor, Um Lugar",1
Edinburgh ,Uns Dias,1
Edinburgh ,Vou Pra Ai,1
Edinburgh ,Where Eagles Dare,1
Edinburgh ,Whole Lotta Love (Medley),1
Edinburgh ,[Just Like] Starting Over,1
Edmonton,Angela,1
Edmonton,Are You Gonna Be My Girl,1
Edmonton,As Dores do Mundo,1
Edmonton,Bleed The Freak,1
Edmonton,Carouselambra,1
Edmonton,Confusion,1
Edmonton,Country Feedback,1
Edmonton,Destitute Illusions,1
Edmonton,Endgame,1
Edmonton,Equinocio,1
Edmonton,Green Grow The Rushes,1
Edmonton,I Believe,1
Edmonton,I'm Gonna Crawl,1
Edmonton,I'm Real,1
Edmonton,It's The End Of The World As We Know It (And I Feel Fine),1
Edmonton,Knockin On Heavens Door,1
Edmonton,Light Years,1
Edmonton,Lords of Karma,1
Edmonton,Master Of Puppets,1
Edmonton,May This Be Love,1
Edmonton,Not The Doctor,1
Edmonton,Onde Anda Você,1
Edmonton,Os Alquimistas Estão Chegando,1
Edmonton,Pela Internet (Live),1
Edmonton,Por Causa De Você,1
Edmonton,Quanta (Live),1
Edmonton,Right Through You,1
Edmonton,Rock & Roll,1
Edmonton,"Say It Loud, I'm Black And I'm Proud Pt.1",1
Edmonton,Sem Sentido,1
Edmonton,Set It Off,1
Edmonton,Stairway To Heaven,1
Edmonton,Take It Or Leave It,1
Edmonton,Talk About The Passion,1
Edmonton,The Wind Cries Mary,1
Edmonton,Welcome Home (Sanitarium),1
Edmonton,"Whatever It Is, I Just Can't Stop",1
Edmonton,Wonderful Tonight,1
Fort Worth,"""?""",1
Fort Worth,14 Years,1
Fort Worth,Acrobat,1
Fort Worth,American Idiot,1
Fort Worth,Catch-22,1
Fort Worth,Company Man,1
Fort Worth,Construção / Deus Lhe Pague,1
Fort Worth,"Crossroads, Pt. 1",1
Fort Worth,Dancing Barefoot,1
Fort Worth,Drowning Man,1
Fort Worth,Enter 77,1
Fort Worth,Even Better Than The Real Thing,1
Fort Worth,Exposé,1
Fort Worth,Garden of Eden,1
Fort Worth,Geni E O Zepelim,1
Fort Worth,Get On The Snake,1
Fort Worth,Give Me Novacaine,1
Fort Worth,House of the Rising Sun,1
Fort Worth,Lost Survival Guide,1
Fort Worth,Loud Love,1
Fort Worth,Minha Historia,1
Fort Worth,Nebulosa Do Amor,1
Fort Worth,O Que Será (À Flor Da Terra),1
Fort Worth,Orientation,1
Fort Worth,Paradise City,1
Fort Worth,Peace On Earth,1
Fort Worth,Perfect Circle,1
Fort Worth,Pretty Tied Up,1
Fort Worth,Radio Free Aurope,1
Fort Worth,Rocket Queen,1
Fort Worth,Samba De Orly,1
Fort Worth,Seven Minutes to Midnight,1
Fort Worth,Sozinho (Caêdrum 'n' Bass),1
Fort Worth,Surrender,1
Fort Worth,Two Hearts Beat As One,1
Fort Worth,Whatsername,1
Fort Worth,You Ain't the First,1
Fort Worth,Zooropa,1
Frankfurt,A Day In the Life,1
Frankfurt,Amanhã Não Se Sabe,1
Frankfurt,Azul,1
Frankfurt,Açai,1
Frankfurt,Beira Mar,1
Frankfurt,"Bye, Bye Brasil",1
Frankfurt,Come Fly With Me,1
Frankfurt,Cornucopia,1
Frankfurt,Disenchanted Lullaby,1
Frankfurt,Distractions,1
Frankfurt,Estrela (Live),1
Frankfurt,Eu E Ela,1
Frankfurt,"Exodus, Pt. 1",1
Frankfurt,Flor De Lis,1
Frankfurt,Genesis,1
Frankfurt,Going To California,1
Frankfurt,"Hey, Johnny Park!",1
Frankfurt,I Still Love You,1
Frankfurt,Juazeiro,1
Frankfurt,Laguna Sunrise,1
Frankfurt,Lamento De Carnaval,1
Frankfurt,Lamento Sertanejo,1
Frankfurt,Meu Guarda-Chuva,1
Frankfurt,Nem Um Dia,1
Frankfurt,Nervosa,1
Frankfurt,Nothin' To Lose,1
Frankfurt,Nothing to Hide,1
Frankfurt,Over And Out,1
Frankfurt,Ozone Baby,1
Frankfurt,Proud Mary,1
Frankfurt,Since I've Been Loving You,1
Frankfurt,Sonifera Ilha,1
Frankfurt,Straight Out Of Line,1
Frankfurt,Summer Love,1
Frankfurt,Susie Q,1
Frankfurt,Unfinished Business,1
Frankfurt,Walking After You,1
Frankfurt,We're Gonna Groove,1
Halifax,A Moça e a Chuva,1
Halifax,Ando Meio Desligado,1
Halifax,Balanço,1
Halifax,Beijo Partido,1
Halifax,Beira Mar,1
Halifax,Blues For Pablo (Alternate Take),1
Halifax,Cabeça Dinossauro,1
Halifax,Caleidoscópio,1
Halifax,Comida,1
Halifax,Comportamento Geral,1
Halifax,Diamonds And Rust (Live),1
Halifax,"Diga Lá, Coração",1
Halifax,Eye Of The Beholder,1
Halifax,Flores,1
Halifax,Hallowed Be Thy Name,1
Halifax,Homem Primata (Vinheta),1
Halifax,Invisible Kid,1
Halifax,Jailbait,1
Halifax,Menestrel Das Alagoas,1
Halifax,Metal Meltdown,1
Halifax,Meu Refrigerador Não Funciona,1
Halifax,Norwegian Wood,1
Halifax,O Amor Nao Sabe Esperar,1
Halifax,O Que Vai Em Meu Coração,1
Halifax,Os Cegos Do Castelo,1
Halifax,Podres Poderes,1
Halifax,Queixa,1
Halifax,Saber Amar,1
Halifax,Same Ol' Situation,1
Halifax,Sanctuary,1
Halifax,Shout At The Devil,1
Halifax,Smells Like Teen Spirit,1
Halifax,Smoke On The Water,1
Halifax,Spank Thru,1
Halifax,The Duke,1
Halifax,Trampled Under Foot,1
Halifax,Uma Brasileira,1
Halifax,Vida De Cachorro,1
Helsinki,A Bencao E Outros,1
Helsinki,Are You Gonna Go My Way,1
Helsinki,Believe,1
Helsinki,Beth,1
Helsinki,Dazed And Confused,1
Helsinki,Dreams,1
Helsinki,Fall To Pieces,1
Helsinki,Feirinha da Pavuna/Luz do Repente/Bagaço da Laranja,1
Helsinki,Goin' Blind,1
Helsinki,Hard Luck Woman,1
Helsinki,Heliopolis,1
Helsinki,Higher Ground,1
Helsinki,I Was Made For Loving You,1
Helsinki,It Doesn't Matter,1
Helsinki,L'Avventura,1
Helsinki,Looking For Love,1
Helsinki,Meninos E Meninas,1
Helsinki,Mr. Cab Driver,1
Helsinki,On Fire,1
Helsinki,Paint It Black,1
Helsinki,Plaster Caster,1
Helsinki,Quando Você Voltar,1
Helsinki,Samba pras moças,1
Helsinki,Secrets,1
Helsinki,Soul Parsifal,1
Helsinki,Sweet Lady Luck,1
Helsinki,Tempo Perdido,1
Helsinki,"The Gun On Ice Planet Zero, Pt. 1",1
Helsinki,"The Living Legend, Pt. 1",1
Helsinki,The Lost Warrior,1
Helsinki,The Magnificent Warriors,1
Helsinki,The Show Must Go On,1
Helsinki,Um Homem Chamado Alfredo,1
Helsinki,Waiting On A Sign,1
Helsinki,We Are The Champions,1
Helsinki,Year to the Day,1
Lisbon,"Always With Me, Always With You",1
Lisbon,As Profecias,1
Lisbon,As Rosas Não Falam (Beth Carvalho),1
Lisbon,Beautiful Boy,1
Lisbon,Cafezinho,1
Lisbon,Comin' Home,1
Lisbon,Deeper Underground,1
Lisbon,Encontrar Alguém,1
Lisbon,Esporrei Na Manivela,1
Lisbon,Expresso 2222,1
Lisbon,Give Peace a Chance,1
Lisbon,God,1
Lisbon,"Greetings from Earth, Pt. 1",1
Lisbon,Helpless,1
Lisbon,Hey Joe,1
Lisbon,Imagine,1
Lisbon,Immigrant Song,1
Lisbon,Iron Man/Children of the Grave,1
Lisbon,Journey To Arnhemland,1
Lisbon,Living Loving Maid (She's Just A Woman),1
Lisbon,Maluco Beleza,1
Lisbon,Mama Africa,1
Lisbon,Moby Dick,1
Lisbon,Mouth To Mouth,1
Lisbon,No Futuro,1
Lisbon,Palco,1
Lisbon,Papeau Nuky Doe,1
Lisbon,Pilot,1
Lisbon,Planet Home,1
Lisbon,Que Luz É Essa,1
Lisbon,Radio Song,1
Lisbon,Red House,1
Lisbon,Santa Clara Clareou,1
Lisbon,Still Loving You,1
Lisbon,Século XXI,1
Lisbon,Thank You,1
Lisbon,War Pigs,1
Lisbon,You've Got Another Thing Comin',1
London,2 X 4,1
London,A Cor Do Sol,1
London,Ain't My Bitch,1
London,Aquilo,1
London,Are We The Waiting,1
London,Assaltaram A Gramática,1
London,Assim Caminha A Humanidade,1
London,Bleeding Me,1
London,Blind Man,1
London,Blue Rythm Fantasy,1
London,Boulevard Of Broken Dreams,1
London,Casa no Campo,1
London,Celebration Day,1
London,Childhoods End?,1
London,Cigaro,1
London,Condição,1
London,Dança Da Solidão,1
London,Departure,1
London,"Dois Pra Lá, Dois Pra Cá",1
London,Down by the Sea,1
London,Forgiven,1
London,Giz,1
London,Helpless,1
London,I Can't Remember,1
London,I Know Somethin (Bout You),1
London,I Remember California,1
London,Já Foi,1
London,King Nothing,1
London,L'Avventura,1
London,Leila,1
London,Ligia,1
London,Linha Do Equador,1
London,Livin' On The Edge,1
London,Livre Pra Viver,1
London,Lixo Do Mangue,1
London,Lord Of The Flies,1
London,Losing My Religion,1
London,Motorbreath,1
London,Mr. Cab Driver,1
London,New Test Leper,1
London,No Memory,1
London,No Prayer For The Dying,1
London,O Último Romântico (Ao Vivo),1
London,Panis Et Circenses,1
London,Piece Of Pie,1
London,Poor Tom,1
London,Problem Child,1
London,Question!,1
London,Rag Doll,1
London,Ro-Que-Se-Da-Ne,1
London,Romaria,1
London,Samba Makossa,1
London,Satisfação,1
London,Save The Children,1
London,Segue O Seco,1
London,Sick Again,1
London,Stone Cold Crazy,1
London,Sábado A Noite,1
London,Tailgunner,1
London,Tempo Perdido,1
London,Tempos Modernos,1
London,Thank You,1
London,That's The Way,1
London,The House Jack Built,1
London,The Prisoner,1
London,The Sun Road,1
London,The Unforgiven,1
London,The Wrong Child,1
London,Wake Up,1
London,Walter's Walk,1
London,Waterhole (Expresso Bongo),1
London,When I Had Your Love,1
London,Where The River Goes,1
London,Zither,1
Lyon,A Man And A Woman,1
Lyon,Acelerou,1
Lyon,Adios nonino,1
Lyon,All Because Of You,1
Lyon,"Alô, Alô, Marciano",1
Lyon,Amor Demais,1
Lyon,As Aparências Enganam,1
Lyon,Atrás da Porta,1
Lyon,Body Count,1
Lyon,Bowels Of The Devil,1
Lyon,Corduroy,1
Lyon,Crossroads,1
Lyon,Gavioes 2001,1
Lyon,Heart In Your Hand,1
Lyon,Iron Man,1
Lyon,It's A Hard Life,1
Lyon,KKK Bitch,1
Lyon,Layla,1
Lyon,MFC,1
Lyon,Maria Fumaça,1
Lyon,Miss Sarajevo,1
Lyon,Morro Da Casa Verde 2001,1
Lyon,My Love,1
Lyon,Na Frente Da TV,1
Lyon,Only A Dream In Rio,1
Lyon,Release,1
Lyon,Sam With The Showing Scalp Flat Top,1
Lyon,Samba da Bençaco,1
Lyon,Shining In The Light,1
Lyon,"Suite No. 3 in D, BWV 1068: III. Gavotte I & II",1
Lyon,Só Tinha De Ser Com Você,1
Lyon,"Tapa Aqui, Descobre Ali",1
Lyon,Theme From The Swan,1
Lyon,Travelling Riverside Blues,1
Lyon,United Colours,1
Lyon,Voodoo,1
Lyon,Whiskey In The Jar,1
Lyon,Women In Uniform,1
Madison,"A Benihana Christmas, Pts. 1 & 2",1
Madison,Bass Trap,1
Madison,Carnival Of Sorts,1
Madison,Children of the Damned,1
Madison,Compadre,1
Madison,Diversity Day,1
Madison,Don't Look To The Eyes Of A Stranger,1
Madison,Don't You Cry,1
Madison,Everlasting Love,1
Madison,Faixa Amarela,1
Madison,Futureal,1
Madison,Gay Witch Hunt,1
Madison,Hallelujah Here She Comes,1
Madison,Halloween,1
Madison,Headspace,1
Madison,Hemp Family,1
Madison,Hey America,1
Madison,Hooked Up,1
Madison,Living In America,1
Madison,Living On Love,1
Madison,Macy's Day Parade,1
Madison,Nega Do Cabelo Duro,1
Madison,Neworld,1
Madison,Nice Guys Finish Last,1
Madison,Now You're Gone,1
Madison,Papa's Got A Brand New Bag Pt.1,1
Madison,Primary,1
Madison,Réu Confesso,1
Madison,Samba Do Jato,1
Madison,Sem Essa de Malandro Agulha,1
Madison,Stuck With Me,1
Madison,The Aftermath,1
Madison,The Carpet,1
Madison,The Prisoner,1
Madison,Tudo Na Mais Santa Paz,1
Madison,Verdade,1
Madison,Walk To The Water,1
Madison,Wherever You May Go,1
Madrid,Arc,1
Madrid,Baba O'Riley,1
Madrid,Basket Case,1
Madrid,Bohemian Rhapsody,1
Madrid,Brain Damage,1
Madrid,Crystal Ball,1
Madrid,Elza,1
Madrid,Eu Apenas Queria Que Voçê Soubesse,1
Madrid,F*Ckin' Up,1
Madrid,Ghost,1
Madrid,Gone,1
Madrid,Hallowed Be Thy Name,1
Madrid,I Can See For Miles,1
Madrid,I Can't Explain,1
Madrid,I'm A Boy,1
Madrid,J Squared,1
Madrid,Jaded,1
Madrid,Jah Seh No,1
Madrid,Join Together,1
Madrid,Living On Love,1
Madrid,Menino De Rua,1
Madrid,My Melancholy Blues,1
Madrid,Mãe Terra,1
Madrid,Nice Guys Finish Last,1
Madrid,Nossa Gente (Avisa Là),1
Madrid,Não Dá Mais Pra Segurar (Explode Coração),1
Madrid,O Bicho Tá Pregando,1
Madrid,Phantom Lord,1
Madrid,Playtime,1
Madrid,Porch,1
Madrid,Primavera,1
Madrid,River Song,1
Madrid,Sanctuary,1
Madrid,Seek & Destroy,1
Madrid,Somebody To Love,1
Madrid,The Trooper,1
Madrid,W.M.A.,1
Madrid,We Are The Champions,1
Montréal,A Noite Do Meu Bem,1
Montréal,A.N.D.R.O.T.A.Z.,1
Montréal,Blackened,1
Montréal,Brasil,1
Montréal,"Canta, Canta Mais",1
Montréal,Chemical Wedding,1
Montréal,Chão de Giz (Elba Ramalho),1
Montréal,Cochise,1
Montréal,"Concerto for Cello and Orchestra in E minor, Op. 85: I. Adagio - Moderato",1
Montréal,Do what cha wanna,1
Montréal,Drown Me Slowly,1
Montréal,Good Golly Miss Molly,1
Montréal,Happy Jack,1
Montréal,Hypnotize,1
Montréal,I Don't Wanna Be Kissed (By Anyone But You),1
Montréal,Jungle Drums,1
Montréal,Long Tall Sally,1
Montréal,My Ship,1
Montréal,My World,1
Montréal,Pictures Of Lily,1
Montréal,Pilot,1
Montréal,Por Que Será,1
Montréal,Pot-Pourri N.º 4,1
Montréal,Pot-Pourri N.º 5,1
Montréal,Realword,1
Montréal,Ride The Lightning,1
Montréal,Romeo et Juliette: No. 11 - Danse des Chevaliers,1
Montréal,Samba Em Prelúdio,1
Montréal,Smoked Pork,1
Montréal,"Symphonie Fantastique, Op. 14: V. Songe d'une nuit du sabbat",1
Montréal,The Beginning...At Last,1
Montréal,The Call Of Ktulu,1
Montréal,The Frayed Ends Of Sanity,1
Montréal,"Through the Looking Glass, Pt. 1",1
Montréal,Tomorrow's Dream,1
Montréal,Voodoo,1
Montréal,Waiting,1
Montréal,"Wellington's Victory or the Battle Symphony, Op.91: 2. Symphony of Triumph",1
Mountain View,05 - Phantom of the Opera,1
Mountain View,A Novidade (Live),1
Mountain View,A Paz,1
Mountain View,Aces High,1
Mountain View,Age Of Innocence,1
Mountain View,Agora Que O Dia Acordou,1
Mountain View,Ain't Talkin' 'bout Love,1
Mountain View,Bem Devagar,1
Mountain View,Blitzkrieg,1
Mountain View,Boogie Blues,1
Mountain View,Bring Me Your Cup,1
Mountain View,Bumbo Da Mangueira,1
Mountain View,By The Way,1
Mountain View,Bye Bye Blackbird,1
Mountain View,Can't Stop,1
Mountain View,Can't Stop Loving You,1
Mountain View,Chains Of Misery,1
Mountain View,Changes,1
Mountain View,De Ouro E Marfim (Live),1
Mountain View,Deixa,1
Mountain View,Don't Take Your Love From Me,1
Mountain View,Entre E Ouça,1
Mountain View,Eu Vim Da Bahia - Live,1
Mountain View,From Here To Eternity,1
Mountain View,Genghis Khan,1
Mountain View,Ghost Of The Navigator,1
Mountain View,Going Down / Highway Star,1
Mountain View,Hang 'Em High,1
Mountain View,Heaven Can Wait,1
Mountain View,Holier Than Thou,1
Mountain View,Holy Smoke,1
Mountain View,Homely Girl,1
Mountain View,I Could Have Lied,1
Mountain View,I Fucking Hate You,1
Mountain View,Lamento De Carnaval,1
Mountain View,Little Guitars (Intro),1
Mountain View,Maria Maria,1
Mountain View,Momentos Que Marcam,1
Mountain View,My Friend Of Misery,1
Mountain View,Naked In The Rain,1
Mountain View,Nefertiti,1
Mountain View,O Dia Em Que A Terra Parou,1
Mountain View,On Mercury,1
Mountain View,Onde Anda Você,1
Mountain View,Opachorô (Live),1
Mountain View,Panama,1
Mountain View,Peace On Earth,1
Mountain View,"Posso Perder Minha Mulher, Minha Mãe, Desde Que Eu Tenha O Rock And Roll",1
Mountain View,Promises,1
Mountain View,Puteiro Em João Pessoa,1
Mountain View,Refazenda,1
Mountain View,Rock Das Aranhas (Ao Vivo) (Live),1
Mountain View,Running Free,1
Mountain View,Santo Antonio,1
Mountain View,Saudosismo,1
Mountain View,Signe,1
Mountain View,So What,1
Mountain View,Só Tinha De Ser Com Você,1
Mountain View,Tanto Tempo,1
Mountain View,Tempo Rei,1
Mountain View,The Convention,1
Mountain View,The Coup,1
Mountain View,The First Time,1
Mountain View,The Trooper,1
Mountain View,The Wait,1
Mountain View,The Wicker Man,1
Mountain View,Through The Never,1
Mountain View,Toda Menina Baiana,1
Mountain View,Todo Mundo Explica,1
Mountain View,Tradição,1
Mountain View,Valentino's,1
Mountain View,Viradouro,1
Mountain View,Where Eagles Dare,1
Mountain View,Wildest Dreams,1
Mountain View,You Fool No One,1
Mountain View,You Really Got Me,1
New York,Abrir A Porta,1
New York,B.Y.O.B.,1
New York,Dazed and Confused,1
New York,Duende,1
New York,Eclipse Oculto,1
New York,End Of Romanticism,1
New York,Friends,1
New York,Hey Hey,1
New York,I Can't Quit You Baby,1
New York,King Of Dreams,1
New York,Layla,1
New York,Linha Do Horizonte,1
New York,Lonely Stranger,1
New York,Maybe I'm A Leo,1
New York,Metrô. Linha 743,1
New York,Mis Penas Lloraba Yo (Ao Vivo) Soy Gitano (Tangos),1
New York,No No No,1
New York,Nobody's Home,1
New York,One Man's Meat,1
New York,Otay,1
New York,Palavras Ao Vento,1
New York,Piece Of Pie,1
New York,Question!,1
New York,Ramble On,1
New York,Rasul,1
New York,Rehab,1
New York,Sex Type Thing,1
New York,Sometimes I Feel Like Screaming,1
New York,Sting Me,1
New York,Stormbringer,1
New York,Terra,1
New York,The Battle Rages On,1
New York,The Lemon Song,1
New York,Travis Walk,1
New York,Walkin' Blues,1
New York,When Love & Hate Collide,1
New York,When The Levee Breaks,1
New York,You Keep On Moving,1
Orlando,Amazing,1
Orlando,Angel Of Harlem,1
Orlando,Ashes To Ashes,1
Orlando,Atrás Da Verd-E-Rosa Só Não Vai Quem Já Morreu,1
Orlando,Battery,1
Orlando,Better Than You,1
Orlando,Blood In The Wall,1
Orlando,Bored To Tears,1
Orlando,Branch Closing,1
Orlando,Carol,1
Orlando,Doesn't Remind Me,1
Orlando,Exploder,1
Orlando,Fade To Black,1
Orlando,Hit The Lights,1
Orlando,Home Sick Home,1
Orlando,It Ain't Like That,1
Orlando,Last Cup Of Sorrow,1
Orlando,Low Man's Lyric,1
Orlando,Malpractice,1
Orlando,Mel,1
Orlando,Midlife Crisis,1
Orlando,Money,1
Orlando,Música No Ar,1
Orlando,Not The Doctor,1
Orlando,O Boto (Bôto),1
Orlando,Odara,1
Orlando,Old Love,1
Orlando,Orion,1
Orlando,Phantom Lord,1
Orlando,Poor Twisted Me,1
Orlando,Por Causa De Você,1
Orlando,Solo-Panhandler,1
Orlando,Sozinho,1
Orlando,The House Jack Built,1
Orlando,The Initiation,1
Orlando,Welcome Home (Sanitarium),1
Orlando,When Love Comes To Town,1
Orlando,You Oughta Know,1
Oslo,Born To Move,1
Oslo,Brasil,1
Oslo,Breaking The Rules,1
Oslo,Bron-Y-Aur Stomp,1
Oslo,Call Me a Dog,1
Oslo,Canon and Gigue in D Major: I. Canon,1
Oslo,Celebration Day,1
Oslo,Chega no Suingue,1
Oslo,Coroné Antonio Bento,1
Oslo,Din Din Wo (Little Child),1
Oslo,Disappearing Act,1
Oslo,Evil Walks,1
Oslo,For Your Life,1
Oslo,How Many More Times,1
Oslo,Inject The Venom,1
Oslo,"Jupiter, the Bringer of Jollity",1
Oslo,Living Loving Maid (She's Just A Woman),1
Oslo,Love Rescue Me,1
Oslo,Música Urbana 2,1
Oslo,Night Flight,1
Oslo,Plush,1
Oslo,Pride (In The Name Of Love),1
Oslo,Put The Finger On You,1
Oslo,Rock & Roll,1
Oslo,Rock On,1
Oslo,Safe and Sound,1
Oslo,Saturnine,1
Oslo,"Scheherazade, Op. 35: I. The Sea and Sindbad's Ship",1
Oslo,Shape of Things to Come,1
Oslo,Smells Like Teen Spirit (Ao Vivo),1
Oslo,Something Nice Back Home,1
Oslo,Stairway To Heaven,1
Oslo,"Symphony No. 104 in D Major ""London"": IV. Finale: Spiritoso",1
Oslo,The Economist,1
Oslo,Two Fanfares for Orchestra: II. Short Ride in a Fast Machine,1
Oslo,Um Lugar ao Sol,1
Oslo,Woman Is The Nigger Of The World (Ao Vivo),1
Oslo,You Shook Me,1
Ottawa,Alive,1
Ottawa,Best Thing,1
Ottawa,Bicycle Race,1
Ottawa,Black Diamond,1
Ottawa,Black Mountain Side,1
Ottawa,Bush Doctor,1
Ottawa,C'est La Vie,1
Ottawa,Calling Dr. Love,1
Ottawa,Can't Get There From Here,1
Ottawa,Communication Breakdown,1
Ottawa,Cuyahoga,1
Ottawa,Dirty Day,1
Ottawa,Elderly Woman Behind The Counter In A Small Town,1
Ottawa,Fall On Me,1
Ottawa,Get Right,1
Ottawa,Given To Fly,1
Ottawa,Go,1
Ottawa,God Gave Rock 'n' Roll To You,1
Ottawa,Hip Hop Rio,1
Ottawa,I Would Do For You,1
Ottawa,Inside Job,1
Ottawa,Minority,1
Ottawa,Off He Goes,1
Ottawa,Prowler,1
Ottawa,Rappers Reais,1
Ottawa,Severed Hand,1
Ottawa,Shock Me,1
Ottawa,"Stay (Faraway, So Close!)",1
Ottawa,Surrender,1
Ottawa,The Finest Worksong,1
Ottawa,The Number Of The Beast,1
Ottawa,The Small Hours,1
Ottawa,The Struggle Within,1
Ottawa,Time,1
Ottawa,Walking Contradiction,1
Ottawa,Wear You To The Ball,1
Ottawa,When I Come Around,1
Ottawa,Where Have All The Good Times Gone?,1
Paris,'Round Midnight,1
Paris,A Banda,1
Paris,A Sua,1
Paris,Ando Meio Desligado,1
Paris,As Rosas Não Falam (Beth Carvalho),1
Paris,Beija-Flor,1
Paris,Binky The Doormat,1
Paris,Body Count's In The House,1
Paris,Breakthru,1
Paris,Bê-a-Bá,1
Paris,Caprichosos,1
Paris,City Of Blinding Lights,1
Paris,Começaria Tudo Outra Vez,1
Paris,Commotion,1
Paris,Como É Duro Trabalhar,1
Paris,Comportamento Geral,1
Paris,Compulsion,1
Paris,Country Feedback,1
Paris,De Ja Vu,1
Paris,Do You Have Other Loves?,1
Paris,Do You Like The Way,1
Paris,Don't Go Back To Rockville,1
Paris,Drum Boogie,1
Paris,E.S.P.,1
Paris,Fortunate Son,1
Paris,Gangland,1
Paris,Green River,1
Paris,Hairshirt,1
Paris,Headlong,1
Paris,How to Stop an Exploding Man,1
Paris,I Am,1
Paris,I Believe,1
Paris,I'm Going Slightly Mad,1
Paris,Innuendo,1
Paris,Jean Pierre (Live),1
Paris,Jesus Of Suburbia / City Of The Damned / I Don't Care / Dearly Beloved / Tales Of Another Broken Home,1
Paris,Judgement Of Heaven,1
Paris,Lemon Drop,1
Paris,Letterbomb,1
Paris,Lodi,1
Paris,Low,1
Paris,Man On The Edge,1
Paris,Manuel,1
Paris,Menino Do Rio,1
Paris,Morena De Angola,1
Paris,Mr. Brownstone,1
Paris,Parallel Universe,1
Paris,Pela Luz dos Olhos Teus (Miúcha e Tom Jobim),1
Paris,Porcelain,1
Paris,Primavera,1
Paris,"Prometheus Overture, Op. 43",1
Paris,Put Your Lights On,1
Paris,Right On Time,1
Paris,Rita Lee,1
Paris,Seis Da Tarde,1
Paris,Showcase,1
Paris,Slave,1
Paris,Smoke On The Water,1
Paris,Sonata for Solo Violin: IV: Presto,1
Paris,St. Jimmy,1
Paris,Suck My Kiss,1
Paris,Tear,1
Paris,The Number Of The Beast,1
Paris,The Pan Piper,1
Paris,The Unbeliever,1
Paris,The Zephyr Song,1
Paris,They're Red Hot,1
Paris,Through a Looking Glass,1
Paris,Under The Bridge,1
Paris,Under The Sun/Every Day Comes and Goes,1
Paris,Undertow,1
Paris,União Da Ilha,1
Paris,Welcome to the Jungle,1
Paris,Who'll Stop The Rain,1
Paris,Xanadu,1
Paris,Your Time Is Gonna Come,1
Porto,04 - Running Free,1
Porto,2 Minutes To Midnight,1
Porto,Another Life,1
Porto,Bark at the Moon,1
Porto,Believer,1
Porto,Can I Play With Madness,1
Porto,Caught Somewhere in Time,1
Porto,Desire,1
Porto,Face In The Sand,1
Porto,For the Greater Good of God,1
Porto,Garota de Ipanema (Dick Farney),1
Porto,I Still Haven't Found What I'm Looking For,1
Porto,Lanterna Dos Afogados,1
Porto,Lemon,1
Porto,Lilás,1
Porto,Magnetic Ocean,1
Porto,"Mama, I'm Coming Home",1
Porto,Meu Erro,1
Porto,Pride (In The Name Of Love),1
Porto,Red Light,1
Porto,Run To The Hills,1
Porto,Sea of Madness,1
Porto,Seconds,1
Porto,Selvagem,1
Porto,Seventh Son of a Seventh Son,1
Porto,She Wears Black,1
Porto,Sweetest Thing,1
Porto,The Clairvoyant,1
Porto,The Fugitive,1
Porto,The Star Spangled Banner,1
Porto,The Thin Line Between Love & Hate,1
Porto,The Wanderer,1
Porto,The Wicker Man,1
Porto,Um Amor Puro,1
Porto,Wave (Os Cariocas),1
Porto,Where Eagles Dare,1
Porto,Whiskey In The Jar,1
Porto,Wrathchild,1
Prague,#9 Dream,1
Prague,All I Want Is You,1
Prague,Atomic Punk,1
Prague,Black Capricorn Day,1
Prague,Blissed & Gone,1
Prague,Brain Stew,1
Prague,Camarão que Dorme e Onda Leva,1
Prague,Can You See Me,1
Prague,Carolina,1
Prague,Collaborators,1
Prague,Como Estais Amigos,1
Prague,Coração Em Desalinho,1
Prague,Crackerman,1
Prague,De La Luz,1
Prague,Deus Ex Machina,1
Prague,Dirty Water Dog,1
Prague,Do It For The Kids,1
Prague,Email Surveillance,1
Prague,Fear Of The Dark,1
Prague,Gangland,1
Prague,Get What You Need,1
Prague,Gimme Some Truth,1
Prague,Give Peace a Chance,1
Prague,Heartland,1
Prague,Hot Girl,1
Prague,How The West Was Won And Where It Got Us,1
Prague,Humans Being,1
Prague,Insensível,1
Prague,Judgement Of Heaven,1
Prague,Light Years,1
Prague,Linha Do Equador,1
Prague,"Live Together, Die Alone, Pt. 1",1
Prague,Magic Bus,1
Prague,"Man of Science, Man of Faith (Premiere)",1
Prague,Moonchild,1
Prague,Morning Glory,1
Prague,My Time After Awhile,1
Prague,New Year's Day,1
Prague,One Giant Leap,1
Prague,Outlaws,1
Prague,Par Avion,1
Prague,Poprocks And Coke,1
Prague,Prenda Minha,1
Prague,Revolta Olodum,1
Prague,Samba Pra Endrigo,1
Prague,Sign Of The Cross,1
Prague,Slither,1
Prague,So Cruel,1
Prague,Still Of The Night,1
Prague,Stranger In a Strange Land,1
Prague,Stranger in a Strange Land,1
Prague,Surrender,1
Prague,Take It Or Leave It,1
Prague,"Texto ""Verdade Tropical""",1
Prague,The Angel And The Gambler,1
Prague,The Clairvoyant,1
Prague,The Fix,1
Prague,The Hard Part,1
Prague,The Moth,1
Prague,The Seeker,1
Prague,The Star Spangled Banner,1
Prague,The Wake-Up Bomb,1
Prague,The Woman King,1
Prague,Unchained,1
Prague,Untitled,1
Prague,Vida Boa,1
Prague,Walkabout,1
Prague,Were Do We Go From Here,1
Prague,Wet My Bed,1
Prague,Whatever Gets You Thru the Night,1
Prague,"Whatever It Is, I Just Can't Stop",1
Prague,When Evening Falls,1
Prague,When I Come Around,1
Prague,When You Gonna Learn (Digeridoo),1
Prague,Winterlong,1
Prague,You're Gonna Break My Hart Again,1
Redmond,A Melhor Forma,1
Redmond,All Within My Hands,1
Redmond,As We Sleep,1
Redmond,Assum Preto,1
Redmond,Attitude,1
Redmond,"Bad, Bad Leroy Brown",1
Redmond,Believe,1
Redmond,Caras Como Eu,1
Redmond,Copacabana (Live),1
Redmond,Creeping Death,1
Redmond,Dead Horse,1
Redmond,Divirta-Se (Saindo Da Sua),1
Redmond,Don't Damn Me,1
Redmond,Double Talkin' Jive,1
Redmond,"Exodus, Pt. 2",1
Redmond,For Whom The Bell Tolls,1
Redmond,Formigueiro,1
Redmond,Formosa,1
Redmond,Homem Primata,1
Redmond,Is This Love (Live),1
Redmond,Lugar Nenhum,1
Redmond,Meditação,1
Redmond,Minha Namorada,1
Redmond,My Hero,1
Redmond,My Kind Of Town,1
Redmond,"New York, New York",1
Redmond,No Way Back,1
Redmond,O Pulso,1
Redmond,Overdrive,1
Redmond,Razor,1
Redmond,Shoot Me Again,1
Redmond,Some Kind Of Monster,1
Redmond,Still,1
Redmond,The Garden,1
Redmond,The Passage,1
Redmond,Toda Cor,1
Redmond,Zambação,1
Redmond,Zeca Violeiro,1
Reno,Advance Romance,1
Reno,Back to Black,1
Reno,Basket Case,1
Reno,Breakdown,1
Reno,Camisa Verde 2001,1
Reno,Children Of The Grave,1
Reno,Colibri,1
Reno,Communication Breakdown,1
Reno,Desire,1
Reno,Estranged,1
Reno,Eu Também Quero Beijar,1
Reno,Falar A Verdade,1
Reno,Felicidade Urgente,1
Reno,Flying High Again,1
Reno,Geek Stink Breath,1
Reno,I Can't Quit You Baby(2),1
Reno,Ito Okashi,1
Reno,L'Arc En Ciel De Miles,1
Reno,Levada do Amor (Ailoviu),1
Reno,Longview,1
Reno,Mas Que Nada,1
Reno,Millenium,1
Reno,Mistério da Raça,1
Reno,Mr. Crowley,1
Reno,New York,1
Reno,O Beco,1
Reno,Pensamento,1
Reno,Romance Ideal,1
Reno,She,1
Reno,Slug,1
Reno,Soldado Da Paz,1
Reno,Tarde Em Itapoã,1
Reno,Tears Dry On Their Own,1
Reno,Um Jantar Pra Dois,1
Reno,Walking Into Clarksdale,1
Reno,When I Look At The World,1
Reno,When The World Was Young,1
Reno,Yesterdays,1
Rio de Janeiro,Amor De Muito,1
Rio de Janeiro,Aos Leões,1
Rio de Janeiro,Banditismo Por Uma Questa,1
Rio de Janeiro,Be Good Johnny,1
Rio de Janeiro,Burden In My Hand,1
Rio de Janeiro,Caso Você Queira Saber,1
Rio de Janeiro,Dance,1
Rio de Janeiro,Demorou!,1
Rio de Janeiro,Down by the Sea,1
Rio de Janeiro,Eye,1
Rio de Janeiro,Flower,1
Rio de Janeiro,Fool In The Rain,1
Rio de Janeiro,Home Sweet Home,1
Rio de Janeiro,In Bloom,1
Rio de Janeiro,In The Evening,1
Rio de Janeiro,Intro,1
Rio de Janeiro,It's a Mistake,1
Rio de Janeiro,Jesus Christ Pose,1
Rio de Janeiro,Maracatu De Tiro Certeiro,1
Rio de Janeiro,Mateus Enter,1
Rio de Janeiro,Meu Caro Amigo,1
Rio de Janeiro,Morena De Angola,1
Rio de Janeiro,Mundaréu,1
Rio de Janeiro,Nossa Gente (Avisa Là),1
Rio de Janeiro,On A Plain,1
Rio de Janeiro,Refavela (Live),1
Rio de Janeiro,Revolta Olodum,1
Rio de Janeiro,Right Next Door to Hell,1
Rio de Janeiro,Samba Do Lado,1
Rio de Janeiro,Saudade Dos Aviões Da Panair (Conversando No Bar),1
Rio de Janeiro,Scentless Apprentice,1
Rio de Janeiro,Shakes and Ladders,1
Rio de Janeiro,Stand Inside Your Love,1
Rio de Janeiro,Stir It Up (Live),1
Rio de Janeiro,The Day I Tried To Live,1
Rio de Janeiro,Um Satélite Na Cabeça,1
Rio de Janeiro,Vai Passar,1
Rio de Janeiro,Vai Valer,1
Rome,32 Dentes,1
Rome,A Melhor Forma,1
Rome,After Midnight,1
Rome,As Tears Go By,1
Rome,Be Aggressive,1
Rome,Every Breath You Take,1
Rome,Fight From The Inside,1
Rome,For Those About To Rock (We Salute You),1
Rome,Get Out,1
Rome,Got That Feeling,1
Rome,Last Cup Of Sorrow,1
Rome,Lil' Evil,1
Rome,Lonely Stranger,1
Rome,Love,1
Rome,Me Liga,1
Rome,Mean Disposition,1
Rome,Midlife Crisis,1
Rome,Moon Is Up,1
Rome,Motorbreath,1
Rome,Nico,1
Rome,Night Of The Long Knives,1
Rome,Não Vou Lutar,1
Rome,Palavras,1
Rome,Princess of the Dawn,1
Rome,Promises,1
Rome,Psychopomp,1
Rome,Quase Um Segundo,1
Rome,Release,1
Rome,Respectable,1
Rome,Roxanne,1
Rome,San Francisco Bay Blues,1
Rome,Sleep On The Sidewalk,1
Rome,Snowballed,1
Rome,"String Quartet No. 12 in C Minor, D. 703 ""Quartettsatz"": II. Andante - Allegro assai",1
Rome,The Crystal Ship,1
Rome,This Is Radio Clash,1
Rome,You Got Me Rocking,1
Rome,"Étude 1, In C Major - Preludio (Presto) - Liszt",1
Salt Lake City,"Anyway, Anyhow, Anywhere",1
Salt Lake City,"Battlestar Galactica, Pt. 1",1
Salt Lake City,Black Hole Sun,1
Salt Lake City,Can't Stand Losing You,1
Salt Lake City,Epic,1
Salt Lake City,Free Me,1
Salt Lake City,Get Off Of My Cloud,1
Salt Lake City,Gimmie Shelters,1
Salt Lake City,Gyroscope,1
Salt Lake City,Heaven Coming Down,1
Salt Lake City,In Your Honor,1
Salt Lake City,King For A Day,1
Salt Lake City,King Of Pain,1
Salt Lake City,"Lost Planet of the Gods, Pt. 2",1
Salt Lake City,Midnight Cowboy,1
Salt Lake City,Música No Ar,1
Salt Lake City,Of Wolf And Man,1
Salt Lake City,Out Of Tears,1
Salt Lake City,Outshined,1
Salt Lake City,Pinball Wizard,1
Salt Lake City,Pretty Noose,1
Salt Lake City,Pretty Persuasion,1
Salt Lake City,Principiando/Decolagem,1
Salt Lake City,Safety Training,1
Salt Lake City,So Central Rain,1
Salt Lake City,Spoonman,1
Salt Lake City,Star A.D.,1
Salt Lake City,The God That Failed,1
Salt Lake City,"The Gun On Ice Planet Zero, Pt. 2",1
Salt Lake City,The Job,1
Salt Lake City,"The Living Legend, Pt. 2",1
Salt Lake City,The Morning After,1
Salt Lake City,Thief In The Night,1
Salt Lake City,Você,1
Salt Lake City,Walking Wounded,1
Salt Lake City,Xote Dos Milagres,1
Salt Lake City,You Better You Bet,1
Salt Lake City,You've Got Another Thing Comin',1
Santiago,A Novidade (Live),1
Santiago,Aprendendo A Jogar,1
Santiago,Aquele Abraço,1
Santiago,Badge,1
Santiago,Better Halves,1
Santiago,Black Dog,1
Santiago,"Crossroads, Pt. 2",1
Santiago,Fly Me To The Moon,1
Santiago,Forty Days Instrumental,1
Santiago,Funk Hum,1
Santiago,Good Golly Miss Molly,1
Santiago,Hero,1
Santiago,Holiday,1
Santiago,Homecoming / The Death Of St. Jimmy / East 12th St. / Nobody Likes You / Rock And Roll Girlfriend / We're Coming Home Again,1
Santiago,Hot Dog,1
Santiago,I Do,1
Santiago,I Get A Kick Out Of You,1
Santiago,Killing Floor,1
Santiago,Mack The Knife,1
Santiago,Madalena,1
Santiago,Misty Mountain Hop,1
Santiago,Parasite,1
Santiago,Pau-De-Arara,1
Santiago,Re-Align,1
Santiago,Realce,1
Santiago,"Scheherazade, Op. 35: I. The Sea and Sindbad's Ship",1
Santiago,See You,1
Santiago,Stir It Up (Live),1
Santiago,Sunshine Of Your Love,1
Santiago,The Crunge,1
Santiago,The Fix,1
Santiago,The Glass Ballerina,1
Santiago,The Ocean,1
Santiago,The Tower,1
Santiago,The Woman King,1
Santiago,Walkabout,1
Santiago,Wearing And Tearing,1
Santiago,Wrote A Song For Everyone,1
Sidney,09 - Iron Maiden,1
Sidney,2 A.M.,1
Sidney,Afraid To Shoot Strangers,1
Sidney,Blood On The World's Hands,1
Sidney,Blue Train,1
Sidney,Bring Your Daughter... To The Slaughter,1
Sidney,C'est La Vie,1
Sidney,Cathedral,1
Sidney,Children Of The Grave,1
Sidney,Dance Of Death,1
Sidney,Dee,1
Sidney,Die With Your Boots On,1
Sidney,Dirty Day,1
Sidney,Dream Of Mirrors,1
Sidney,Fear Of The Dark,1
Sidney,Fortunes Of War,1
Sidney,Hallowed Be Thy Name,1
Sidney,Here I Am (Come And Take Me),1
Sidney,Iron Maiden,1
Sidney,Little Guitars,1
Sidney,Me Deixas Louca,1
Sidney,Numb,1
Sidney,Powerslave,1
Sidney,Purgatory,1
Sidney,Relvelation (Mother Earth),1
Sidney,Saudosa Maloca,1
Sidney,Sons Of Freedom,1
Sidney,Sunday Bloody Sunday,1
Sidney,Sure Know Something,1
Sidney,"Suzie-Q, Pt. 2",1
Sidney,The Aftermath,1
Sidney,The Assassin,1
Sidney,The Evil That Men Do,1
Sidney,The Trooper,1
Sidney,The Unforgettable Fire,1
Sidney,Two Hearts Beat As One,1
Sidney,Walking Into Clarksdale,1
Sidney,Walking On The Water,1
Stockholm,Apesar De Você,1
Stockholm,Bem Devagar,1
Stockholm,Black Dog,1
Stockholm,Crazy Train,1
Stockholm,Dirty Love,1
Stockholm,Domingo,1
Stockholm,Era Uma Vez,1
Stockholm,Flying High Again,1
Stockholm,Geni E O Zepelim,1
Stockholm,Holiday,1
Stockholm,I Don't Know,1
Stockholm,Idolatrada,1
Stockholm,Invaders,1
Stockholm,Jorge Da Capadócia,1
Stockholm,Kickstart My Heart,1
Stockholm,Live To Win,1
Stockholm,Lugar Nenhum,1
Stockholm,Maracatu Atômico,1
Stockholm,Mel,1
Stockholm,No More Tears,1
Stockholm,O Cidadão Do Mundo,1
Stockholm,Occupation / Precipice,1
Stockholm,Paisagem Na Janela,1
Stockholm,Para Lennon E McCartney,1
Stockholm,Querem Meu Sangue,1
Stockholm,Run to the Hills,1
Stockholm,Samba De Orly,1
Stockholm,Sangue Latino,1
Stockholm,Smells Like Teen Spirit,1
Stockholm,Smokin' in The Boys Room,1
Stockholm,Sozinho (Hitmakers Classic Mix),1
Stockholm,Stairway To Heaven,1
Stockholm,The Meaning Of The Blues,1
Stockholm,Toda Cor,1
Stockholm,Às Vezes,1
Stockholm,É Fogo,1
Stuttgart,Alberta,1
Stuttgart,All Star,1
Stuttgart,Balls to the Wall,1
Stuttgart,Beach Sequence,1
Stuttgart,Before You Accuse Me,1
Stuttgart,Bell Bottom Blues,1
Stuttgart,Big Wave,1
Stuttgart,Boris The Spider,1
Stuttgart,Bumbo Da Mangueira,1
Stuttgart,Can't Keep,1
Stuttgart,Dazed and Confused,1
Stuttgart,Die Die My Darling,1
Stuttgart,First Time I Met The Blues,1
Stuttgart,Freedom For My People,1
Stuttgart,God Of Thunder,1
Stuttgart,I Still Haven't Found What I'm Looking for,1
Stuttgart,I'm Going Slightly Mad,1
Stuttgart,Iron Maiden,1
Stuttgart,Lavadeira,1
Stuttgart,Leandro De Itaquera 2001,1
Stuttgart,Let It Grow,1
Stuttgart,Man With The Woman Head,1
Stuttgart,Murders In The Rue Morgue,1
Stuttgart,Nobody Knows You When You're Down & Out,1
Stuttgart,Nothingman,1
Stuttgart,Plot 180,1
Stuttgart,Radio GA GA,1
Stuttgart,Restless and Wild,1
Stuttgart,Stone Crazy,1
Stuttgart,Sure Know Something,1
Stuttgart,Swing Low Sweet Chariot,1
Stuttgart,Tanto Tempo,1
Stuttgart,The Alchemist,1
Stuttgart,Untitled,1
Stuttgart,Vôo Sobre o Horizonte,1
Stuttgart,When My Left Eye Jumps,1
Stuttgart,World Wide Suicide,1
Stuttgart,You Shook Me(2),1
São José dos Campos,A Cor Do Sol,1
São José dos Campos,All Along The Watchtower,1
São José dos Campos,Back off Bitch,1
São José dos Campos,Calling Dr. Love,1
São José dos Campos,Carolina Hard-Core Ecstasy,1
São José dos Campos,Cinema Mudo,1
São José dos Campos,Cold Gin,1
São José dos Campos,Coma,1
São José dos Campos,Communication Breakdown(2),1
São José dos Campos,Don't Cry (Original),1
São José dos Campos,Doutor,1
São José dos Campos,Experiment In Terra,1
São José dos Campos,Fantasia On Greensleeves,1
São José dos Campos,Flying High Again,1
São José dos Campos,Garden of Eden,1
São José dos Campos,Interlude Zumbi,1
São José dos Campos,Ipiranga 2001,1
São José dos Campos,"Karelia Suite, Op.11: 2. Ballade (Tempo Di Menuetto)",1
São José dos Campos,Linha Do Equador,1
São José dos Campos,Lixo Do Mangue,1
São José dos Campos,"Mama, I'm Coming Home",1
São José dos Campos,Mensagen De Amor (2000),1
São José dos Campos,Meu Erro,1
São José dos Campos,Paranoid,1
São José dos Campos,Podes Crer,1
São José dos Campos,Reggae Tchan,1
São José dos Campos,Rios Pontes & Overdrives,1
São José dos Campos,Rocket Queen,1
São José dos Campos,Saber Amar,1
São José dos Campos,Será Que Vai Chover?,1
São José dos Campos,Shout It Out Loud,1
São José dos Campos,Strutter,1
São José dos Campos,Take the Celestra,1
São José dos Campos,Think About You,1
São José dos Campos,TriboTchan,1
São José dos Campos,Vamo Batê Lata,1
São José dos Campos,X-9 2001,1
São José dos Campos,Água de Beber,1
São Paulo,1/2 Full,1
São Paulo,2 Minutes To Midnight,1
São Paulo,Aces High,1
São Paulo,Admirável Gado Novo,1
São Paulo,All I Want Is You,1
São Paulo,Animal,1
São Paulo,Any Colour You Like,1
São Paulo,Babyface,1
São Paulo,Bad,1
São Paulo,Be Mine,1
São Paulo,Big Wave,1
São Paulo,Binky The Doormat,1
São Paulo,Bittersweet Me,1
São Paulo,Black,1
São Paulo,Bora-Bora,1
São Paulo,Bossa,1
São Paulo,Child In Time,1
São Paulo,Cristina Nº 2,1
São Paulo,Cropduster,1
São Paulo,Cry For Love,1
São Paulo,D'Yer Mak'er,1
São Paulo,Damage Inc.,1
São Paulo,Dissident,1
São Paulo,Don't Look Back,1
São Paulo,Down Under,1
São Paulo,Drifter,1
São Paulo,Electrolite,1
São Paulo,Eu Amo Você,1
São Paulo,"Get Down, Make Love",1
São Paulo,Get Up,1
São Paulo,Green Disease,1
São Paulo,Grito De Alerta,1
São Paulo,I Feel Good (I Got You) - Sossego,1
São Paulo,Into The Light,1
São Paulo,Is This Love (Live),1
São Paulo,Knocking At Your Back Door,1
São Paulo,Leash,1
São Paulo,Leper Messiah,1
São Paulo,Like A Song...,1
São Paulo,Lindo Lago Do Amor,1
São Paulo,Losfer Words,1
São Paulo,Maybe I'm A Leo,1
São Paulo,Mis Penas Lloraba Yo (Ao Vivo) Soy Gitano (Tangos),1
São Paulo,Most High,1
São Paulo,Nega Do Cabelo Duro,1
São Paulo,No No No,1
São Paulo,No Quarter,1
São Paulo,Nosso Adeus,1
São Paulo,Não Vou Ficar,1
São Paulo,O Descobridor Dos Sete Mares,1
São Paulo,O Leaozinho,1
São Paulo,O Que Me Importa,1
São Paulo,Oceans,1
São Paulo,Pick Myself Up,1
São Paulo,Plot 180,1
São Paulo,Ponto De Interrogação,1
São Paulo,Praise,1
São Paulo,Red Light,1
São Paulo,Redundant,1
São Paulo,Sanctuary,1
São Paulo,Selvagem,1
São Paulo,Seven Seas Of Rhye,1
São Paulo,Sincero Breu,1
São Paulo,"So Fast, So Numb",1
São Paulo,Sweetest Thing,1
São Paulo,The Great Gig In The Sky,1
São Paulo,The Unwritten Law,1
São Paulo,Top Top,1
São Paulo,Vavoom : Ted The Mechanic,1
São Paulo,Voce Nao Entende Nada - Cotidiano,1
São Paulo,Wanted Dread And Alive,1
São Paulo,Why Go,1
São Paulo,You're My Best Friend,1
São Paulo,Your Blue Room,1
Toronto,Ali,1
Toronto,Brasil,1
Toronto,Bullet With Butterfly Wings,1
Toronto,Californication,1
Toronto,Closer To The Heart,1
Toronto,Crumbs From Your Table,1
Toronto,Discotheque,1
Toronto,Don't Look Now,1
Toronto,Fat Bottomed Girls,1
Toronto,Freewheel Burning,1
Toronto,Funky Piano,1
Toronto,Good Golly Miss Molly,1
Toronto,Hey Tonight,1
Toronto,It's Just A Thought,1
Toronto,La Bella Luna,1
Toronto,Love And Peace Or Else,1
Toronto,Mensagen De Amor (2000),1
Toronto,Meu Mundo Fica Completo (Com Você),1
Toronto,My Mistake,1
Toronto,Persuasion,1
Toronto,Real Love,1
Toronto,Road Trippin',1
Toronto,Rusty Cage,1
Toronto,Save Me,1
Toronto,Socorro,1
Toronto,Somebody To Love,1
Toronto,Soot & Stars,1
Toronto,Staring At The Sun,1
Toronto,Stars,1
Toronto,The Playboy Mansion,1
Toronto,Todo Amor Que Houver Nesta Vida,1
Toronto,"Trash, Trampoline And The Party Girl",1
Toronto,Três Lados,1
Toronto,Turbo Lover,1
Toronto,Um Dia Qualquer,1
Toronto,Woman Is The Nigger Of The World (Ao Vivo),1
Toronto,You're My Best Friend,1
Toronto,Your Time Is Gonna Come,1
Tucson,A Festa Do Santo Reis,1
Tucson,"A Midsummer Night's Dream, Op.61 Incidental Music: No.7 Notturno",1
Tucson,Amy Amy Amy (Outro),1
Tucson,Another One Bites The Dust,1
Tucson,Back Door Man,1
Tucson,Black Moon Creeping,1
Tucson,Blood Brothers,1
Tucson,Caleidoscópio,1
Tucson,Can I Play With Madness,1
Tucson,Corinna,1
Tucson,Don't Stand so Close to Me,1
Tucson,For the Greater Good of God,1
Tucson,Gates Of Tomorrow,1
Tucson,Gostava Tanto De Você,1
Tucson,Heaven Can Wait,1
Tucson,Love Is Strong,1
Tucson,Message in a Bottle (new classic rock mix),1
Tucson,"Metopes, Op. 29: Calypso",1
Tucson,Nothing Else Matters,1
Tucson,Não Quero Dinheiro,1
Tucson,Padre Cícero,1
Tucson,Paint It Black,1
Tucson,Prowler,1
Tucson,Run To The Hilss,1
Tucson,Se Liga,1
Tucson,Speed Of Light,1
Tucson,Sun King,1
Tucson,Sweethearts Together,1
Tucson,Symphony No. 2: III. Allegro vivace,1
Tucson,"Symphony No. 3 Op. 36 for Orchestra and Soprano ""Symfonia Piesni Zalosnych"" \ Lento E Largo - Tranquillissimo",1
Tucson,Take the Box,1
Tucson,The Thin Line Between Love & Hate,1
Tucson,These Colours Don't Run,1
Tucson,Trac Trac,1
Tucson,Train In Vain,1
Tucson,War (The Process),1
Tucson,White Riot,1
Tucson,Wild Hearted Son,1
Vancouver,All My Love,1
Vancouver,Bad Obsession,1
Vancouver,Blood Brothers,1
Vancouver,Busca Vida,1
Vancouver,Canto De Ossanha,1
Vancouver,Chapa o Coco,1
Vancouver,Dance Enquanto é Tempo,1
Vancouver,Dancing Days,1
Vancouver,"Danny Boy, Danny Boy",1
Vancouver,Dazed And Confused,1
Vancouver,Ela Disse Adeus,1
Vancouver,Enquanto O Dia Não Vem,1
Vancouver,Every Time I Look At You,1
Vancouver,Filho Maravilha,1
Vancouver,Funk de Bamba,1
Vancouver,Ghost Of The Navigator,1
Vancouver,I Can't Explain,1
Vancouver,Intro,1
Vancouver,Life During Wartime,1
Vancouver,Navegar Impreciso,1
Vancouver,One For The Road,1
Vancouver,Perfect Crime,1
Vancouver,Plaster Caster,1
Vancouver,Put Your Head Out,1
Vancouver,Salve Simpatia,1
Vancouver,Samba Da Volta,1
Vancouver,Satch Boogie,1
Vancouver,Stone Free,1
Vancouver,Tarde Em Itapoã,1
Vancouver,Tendo A Lua,1
Vancouver,The Beginning of the End,1
Vancouver,The Zoo,1
Vancouver,Todo o Carnaval tem seu Fim,1
Vancouver,Turbo Lover,1
Vancouver,Voce Inteira,1
Vancouver,Walter's Walk,1
Vancouver,Wrathchild,1
Vancouver,Óculos,1
Vienne,2 Minutes To Midnight,1
Vienne,5.15,1
Vienne,"Abraham, Martin And John",1
Vienne,All Along The Watchtower,1
Vienne,Born to Run,1
Vienne,Brighter Than a Thousand Suns,1
Vienne,Dave,1
Vienne,Deep Waters,1
Vienne,Everlasting Love,1
Vienne,Fire + Water,1
Vienne,God Part II,1
Vienne,Homecoming,1
Vienne,I Heard Love Is Blind,1
Vienne,Just Friends,1
Vienne,Lord of Light,1
Vienne,Love Is Blindness,1
Vienne,Miami,1
Vienne,One,1
Vienne,Original Of The Species,1
Vienne,"Peer Gynt Suite No.1, Op.46: 1. Morning Mood",1
Vienne,Protesto Do Olodum (Ao Vivo),1
Vienne,Reggae Odoyá,1
Vienne,Rehab (Hot Chip Remix),1
Vienne,Revenga,1
Vienne,Shotgun Blues,1
Vienne,Soldier Side - Intro,1
Vienne,Solitary,1
Vienne,Squeeze Box,1
Vienne,"Symphony No. 41 in C Major, K. 551, ""Jupiter"": IV. Molto allegro",1
Vienne,Thinking 'Bout Tomorrow,1
Vienne,Transylvania,1
Vienne,Vertigo,1
Vienne,Wake Up Alone,1
Vienne,Wasting Love,1
Vienne,When I Look At The World,1
Vienne,Won't Get Fooled Again (Full Length Version),1
Vienne,You Better You Bet,1
Vienne,You Could Be Mine,1
Warsaw,Aeroplane Flies High,1
Warsaw,Ava Adore,1
Warsaw,Bullet The Blue Sky,1
Warsaw,Cherub Rock,1
Warsaw,Comin' Home,1
Warsaw,E.C.T.,1
Warsaw,Eleanor Rigby,1
Warsaw,Evil Ways,1
Warsaw,Finding My Way,1
Warsaw,Flight Of The Rat,1
Warsaw,Garota Nacional,1
Warsaw,Gatas Extraordinárias,1
Warsaw,Get Up,1
Warsaw,Hallowed Be Thy Name,1
Warsaw,Hands All Over,1
Warsaw,Hawkmoon 269,1
Warsaw,Heartbreaker,1
Warsaw,Immigrant Song,1
Warsaw,It's Late,1
Warsaw,It's Only Love,1
Warsaw,Leave My Girl Alone,1
Warsaw,Love Child,1
Warsaw,Maquinarama,1
Warsaw,Não Sei O Que Eu Quero Da Vida,1
Warsaw,Pretty Noose,1
Warsaw,Radio Song,1
Warsaw,Romance Ideal,1
Warsaw,SKA,1
Warsaw,Saturnine,1
Warsaw,Shiny Happy People,1
Warsaw,Silver And Gold,1
Warsaw,So Beautiful,1
Warsaw,Starburst,1
Warsaw,Strange Kind Of Woman,1
Warsaw,"Você Passa, Eu Acho Graça (Ao Vivo)",1
Warsaw,Wake Up Dead Man,1
Warsaw,When Love Comes To Town,1
Warsaw,With Or Without You,1
Winnipeg,Am I Evil?,1
Winnipeg,Banditismo Por Uma Questa,1
Winnipeg,Been A Son,1
Winnipeg,Bleed Together,1
Winnipeg,Breadfan,1
Winnipeg,Breed,1
Winnipeg,Computadores Fazem Arte,1
Winnipeg,Crash Course In Brain Surgery,1
Winnipeg,Criança De Domingo,1
Winnipeg,Da Lama Ao Caos,1
Winnipeg,Dead And Bloated,1
Winnipeg,Denúncia,1
Winnipeg,Extra,1
Winnipeg,Folhas Secas,1
Winnipeg,How Many More Times,1
Winnipeg,Já Foi,1
Winnipeg,Little Linda,1
Winnipeg,Luis Inacio (300 Picaretas),1
Winnipeg,Manguetown,1
Winnipeg,Menino De Rua,1
Winnipeg,Nebulosa Do Amor,1
Winnipeg,O Trem Da Juventude,1
Winnipeg,Parabolicamará,1
Winnipeg,Please Don't Touch,1
Winnipeg,Primal Scream,1
Winnipeg,Sampa,1
Winnipeg,Selvagem,1
Winnipeg,Song For Lorraine,1
Winnipeg,Stone Cold Crazy,1
Winnipeg,Territorial Pissings,1
Winnipeg,Tightrope,1
Winnipeg,Um Passeio No Mundo Livre,1
Winnipeg,Wall Of Denial,1
Winnipeg,What Is And What Should Never Be,1
Winnipeg,Wild Side,1
Winnipeg,Álibi,1
Yellowknife,All I Really Want,1
Yellowknife,American Woman,1
Yellowknife,Balls to the Wall,1
Yellowknife,Brumário,1
Yellowknife,Can I Play With Madness,1
Yellowknife,De Noite Na Cama,1
Yellowknife,Deuces Are Wild,1
Yellowknife,Dezesseis,1
Yellowknife,Do You Love Me,1
Yellowknife,Esquinas,1
Yellowknife,Flash,1
Yellowknife,Heavy Love Affair,1
Yellowknife,Honolulu,1
Yellowknife,Inject The Venom,1
Yellowknife,Last Caress/Green Hell,1
Yellowknife,Me In Honey,1
Yellowknife,Moonchild,1
Yellowknife,Naked In Front Of The Computer,1
Yellowknife,Nothing Else Matters,1
Yellowknife,O Xote Das Meninas,1
Yellowknife,Overdose,1
Yellowknife,Pini Di Roma (Pinien Von Rom) \ I Pini Della Via Appia,1
Yellowknife,Plaster Caster,1
Yellowknife,Pseudo Silk Kimono,1
Yellowknife,Se...,1
Yellowknife,Seek And You Shall Find,1
Yellowknife,Shakes and Ladders,1
Yellowknife,Spellbound,1
Yellowknife,Spread Your Wings,1
Yellowknife,Sure Know Something,1
Yellowknife,Tudo Bem,1
Yellowknife,Tyrant (Live),1
Yellowknife,We Will Rock You,1
Yellowknife,What It Takes,1
Yellowknife,White Feather,1
Yellowknife,Who Needs You,1
Yellowknife,You Are The Everything,1
Yellowknife,You Learn,1
